{"cameraMode":{"drawMode":0,"name":"Shaded","section":"Shading Mode"},"sceneLighting":true,"audioPlay":false,"sceneViewState":{"showFog":true,"showMaterialUpdate":false,"showSkybox":true,"showFlares":true,"showImageEffects":true,"showParticleSystems":true},"in2DMode":false,"pivot":{"x":-0.1909680962562561,"y":1.3144054412841797,"z":3.066234588623047},"rotation":{"x":0.1439955085515976,"y":0.3665246069431305,"z":0.05753060057759285,"w":-0.9173986911773682},"size":0.945234477519989,"orthographic":false}